,Word
1,corona
2,lockdown
3,manifesting
4,closeness
5,pandemic
6,quarantine
7,navigator
8,distancing
9,ape
10,checkmate
11,masking
12,peacock
13,polygon
14,anchor
15,shanks
16,tracing
17,pinks
18,moot
19,hag
20,yacht
21,bod
22,apes
23,boosters
24,jabs
25,distanced
26,ethiopian
27,bodybuilding
28,reels
29,zoom
30,sars
31,bedrock
32,azerbaijan
33,mouthful
34,earnestly
35,prod
36,booster
37,treasure
38,cummings
39,variant
40,herbert
41,infect
42,mask
43,projector
44,plebs
45,rh
46,dumps
47,wei
48,minted
49,stimulus
50,caters
51,isolate
52,cropping
53,attractions
54,bruno
55,herd
56,allegedly
57,staking
58,variants
59,greenwood
60,masks
61,mandates
62,imposter
63,fetishes
64,junta
65,cursed
66,immunity
67,truckers
68,boomer
69,legacies
70,yb
71,reopening
72,parasite
73,karen
74,halos
75,caribbean
76,blinks
77,greene
78,folklore
79,bozo
80,isolation
81,doodles
82,mint
83,obi
84,unprovoked
85,feral
86,lifestyles
87,vaccination
88,musk
89,vaccinations
90,euphoria
91,squid
92,normalcy
93,ada
94,vaccinated
95,isolating
96,capitol
97,yang
98,d-day
99,morrison
100,infectious
101,virus
102,stallion
103,airdrop
104,mdma
105,villagers
106,doge
107,arising
108,irreversible
109,chemicals
110,whistleblower
111,canonically
112,zenith
113,transmission
114,verified
115,polio
116,chaotic
117,protocol
118,sus
119,cyberpunk
120,jab
121,tarot
122,villager
123,ethiopia
124,mistreatment
125,sturgeon
126,shiv
127,requesting
128,gremlin
129,swab
130,infected
131,pox
132,iranian
133,charting
134,normalize
135,holders
136,theorists
137,roe
138,armenian
139,amplify
140,scheduled
141,procreate
142,wholesome
143,models
144,pasting
145,alphabetical
146,unmatched
147,minors
148,resin
149,minimums
150,traumatizing
151,vaccinate
152,audited
153,gatherings
154,pto
155,generational
156,vaccine
157,traumatized
158,icu
159,manifest
160,virgo
161,epstein
162,viruses
163,virtual
164,trending
165,tested
166,normalized
167,serotonin
168,doses
169,ukrainian
170,apex
171,in-person
172,token
173,protocols
174,mutations
175,dogshit
176,injection
177,outbreak
178,respectfully
179,grooming
180,clot
181,affirmations
182,vaccines
183,taliban
184,bi
185,ufo
186,cohort
187,liquidity
188,ev
189,clown
190,commissions
191,chronically
192,verify
193,mandate
194,socials
195,afghan
196,clout
197,scammer
198,rioting
199,contagious
200,looting
201,ghosted
202,boomers
203,lawsuits
204,tesla
205,bullish
206,fda
207,igbo
208,dividend
209,fryer
210,curfew
211,cringe
212,inaction
213,draconian
214,reparations
215,restrictions
216,cdc
217,administered
218,rioters
219,bearish
220,governors
221,landlords
222,sedition
223,infections
224,verification
225,audits
226,grifters
227,exemptions
228,moots
229,investor
230,myanmar
231,ventilation
232,viral
233,pronouns
234,dementia
235,parlay
236,ani
237,banger
238,essential
239,metrics
240,suppression
241,hedge
242,narcissists
243,clowning
244,project
245,ukraine
246,buccaneers
247,telegram
248,hoax
249,tyrannical
250,horny
251,carats
252,complying
253,narcissist
254,pinned
255,immune
256,flu
257,shares
258,unverified
259,bisexual
260,shortages
261,sycophants
262,maharashtra
263,efficacy
264,measures
265,monarchy
266,supermarkets
267,disinformation
268,medically
269,filibuster
270,cases
271,outbreaks
272,paved
273,hospitalized
274,precautions
275,creators
276,incited
277,censoring
278,arresting
279,moderator
280,billionaires
281,scammers
282,postpone
283,trauma
284,earnings
285,sana
286,crisis
287,indigenous
288,communist
289,bot
290,equity
291,governor
292,misinformation
293,autonomy
294,accountability
295,protests
296,riots
297,marxist
298,gouging
299,cult
300,sikhs
301,absentee
302,afghanistan
303,autistic
304,marketplace
305,unsolicited
306,totalitarian
307,asexual
308,antis
309,fentanyl
310,interacted
311,protesters
312,inflation
313,undervalued
314,fascists
315,tokens
316,systemic
317,prevention
318,narratives
319,pharmacies
320,hua
321,discography
322,cis
323,nato
324,shortage
325,adhd
326,platforms
327,impeachment
328,lender
329,investments
330,mortality
331,equitable
332,well-being
333,ecosystem
334,streamer
335,dysphoria
336,infection
337,overthrow
338,elderly
339,fascist
340,investors
341,fascism
342,grifter
343,overturn
344,homelessness
345,deaths
346,caregivers
347,hospitals
348,respiratory
349,atrocities
350,interact
351,stocks
352,sustainability
353,massacred
354,reopen
355,discord
356,ballots
357,china
358,investing
359,workforce
360,oligarchs
361,karma
362,sustainable
363,vibes
364,trillions
365,authoritarian
366,toxic
367,unemployment
368,temperature
369,transcribe
370,accountable
371,decentralized
372,emissions
373,businesses
374,freedoms
375,brainwashed
376,livelihoods
377,cum
378,concerns
379,abortion
380,contact
381,uma
382,automatically
383,patients
384,symptoms
385,action
386,debited
387,performed
388,moderators
389,sind
