	Word
1	beautiful
2	look
3	does
4	looked
5	school
6	lose
7	hear
8	english
9	player
10	tv
11	some
12	children
13	who
14	game
15	find
16	morning
17	its
18	at
19	wonderful
20	friday
21	decision
22	deutschland
23	least
24	kids
25	teams
26	population
27	option
28	playoffs
29	brought
30	apartment
31	congratulations
32	process
33	idea
34	settings
35	philippians
36	opinions
37	color
38	tylenol
39	ways
40	loss
41	ensure
42	das
43	training
44	refreshments
45	statement
46	deductible
47	families
48	signed
49	realise
50	nog
51	position
52	scene
53	red
54	ball
55	gooey
56	everyday
57	profit
58	c
59	built
60	skin
61	picked
62	community
63	asparagus
64	trouble
65	holiday
66	reasonable
67	art
68	talks
69	driving
70	tortilla
71	debate
72	impossible
73	beginning
74	current
75	outcome
76	groceries
77	performance
78	adaptor
79	tweeting
80	transaction
81	windows
82	poorest
83	albums
84	attempt
85	passengers
86	stockings
87	exists
88	configured
89	tweeted
90	speaks
91	top
92	undergrad
93	infringe
94	shocked
95	survive
96	shipped
97	golf
98	squirting
99	draped
100	install
101	cholesterol
102	yrs
103	environments
104	dioxide
105	body
106	databases
107	easiest
108	vitamins
109	bacteria
110	kickoff
111	smells
112	corsair
113	rappers
114	theaters
115	taller
116	teared
